file,line,type,commit,author,date,time,timezone,datetime,depth,length
style.css,1,css,7e91df09,Terence Zhang,2025-10-17,23:12:20,-07:00,2025-10-17T23:12:20-07:00,0,4
style.css,2,css,7e91df09,Terence Zhang,2025-10-17,23:12:20,-07:00,2025-10-17T23:12:20-07:00,1,23
style.css,3,css,7e91df09,Terence Zhang,2025-10-17,23:12:20,-07:00,2025-10-17T23:12:20-07:00,1,45
style.css,4,css,7e91df09,Terence Zhang,2025-10-17,23:12:20,-07:00,2025-10-17T23:12:20-07:00,1,32
style.css,5,css,7e91df09,Terence Zhang,2025-10-17,23:12:20,-07:00,2025-10-17T23:12:20-07:00,0,0
style.css,6,css,7e91df09,Terence Zhang,2025-10-17,23:12:20,-07:00,2025-10-17T23:12:20-07:00,0,0
style.css,7,css,f9a888f0,Terence Zhang,2025-10-03,01:51:45,-07:00,2025-10-03T01:51:45-07:00,0,4
style.css,8,css,f9a888f0,Terence Zhang,2025-10-03,01:51:45,-07:00,2025-10-03T01:51:45-07:00,1,23
style.css,9,css,0cf4878a,Terence Zhang,2025-10-10,15:23:26,-07:00,2025-10-10T15:23:26-07:00,1,15
style.css,10,css,0cf4878a,Terence Zhang,2025-10-10,15:23:26,-07:00,2025-10-10T15:23:26-07:00,1,18
style.css,11,css,0cf4878a,Terence Zhang,2025-10-10,15:23:26,-07:00,2025-10-10T15:23:26-07:00,1,12
style.css,12,css,0cf4878a,Terence Zhang,2025-10-10,15:23:26,-07:00,2025-10-10T15:23:26-07:00,1,15
style.css,13,css,f9a888f0,Terence Zhang,2025-10-03,01:51:45,-07:00,2025-10-03T01:51:45-07:00,0,0
style.css,14,css,f9a888f0,Terence Zhang,2025-10-03,01:51:45,-07:00,2025-10-03T01:51:45-07:00,0,0
style.css,15,css,f9a888f0,Terence Zhang,2025-10-03,01:51:45,-07:00,2025-10-03T01:51:45-07:00,0,3
style.css,16,css,38dd7c38,Terence Zhang,2025-10-03,18:46:51,-07:00,2025-10-03T18:46:51-07:00,1,13
style.css,17,css,f9a888f0,Terence Zhang,2025-10-03,01:51:45,-07:00,2025-10-03T01:51:45-07:00,1,11
style.css,18,css,38dd7c38,Terence Zhang,2025-10-03,18:46:51,-07:00,2025-10-03T18:46:51-07:00,1,12
style.css,19,css,0cf4878a,Terence Zhang,2025-10-10,15:23:26,-07:00,2025-10-10T15:23:26-07:00,0,0
style.css,20,css,0cf4878a,Terence Zhang,2025-10-10,15:23:26,-07:00,2025-10-10T15:23:26-07:00,0,0
style.css,21,css,0cf4878a,Terence Zhang,2025-10-10,15:23:26,-07:00,2025-10-10T15:23:26-07:00,0,5
style.css,22,css,0cf4878a,Terence Zhang,2025-10-10,15:23:26,-07:00,2025-10-10T15:23:26-07:00,0,6
style.css,23,css,0cf4878a,Terence Zhang,2025-10-10,15:23:26,-07:00,2025-10-10T15:23:26-07:00,1,15
style.css,24,css,0cf4878a,Terence Zhang,2025-10-10,15:23:26,-07:00,2025-10-10T15:23:26-07:00,0,0
style.css,25,css,0cf4878a,Terence Zhang,2025-10-10,15:23:26,-07:00,2025-10-10T15:23:26-07:00,0,0
style.css,26,css,0cf4878a,Terence Zhang,2025-10-10,15:23:26,-07:00,2025-10-10T15:23:26-07:00,0,2
style.css,27,css,7e91df09,Terence Zhang,2025-10-17,23:12:20,-07:00,2025-10-17T23:12:20-07:00,1,39
style.css,28,css,0cf4878a,Terence Zhang,2025-10-10,15:23:26,-07:00,2025-10-10T15:23:26-07:00,1,11
style.css,29,css,0cf4878a,Terence Zhang,2025-10-10,15:23:26,-07:00,2025-10-10T15:23:26-07:00,1,21
style.css,30,css,0cf4878a,Terence Zhang,2025-10-10,15:23:26,-07:00,2025-10-10T15:23:26-07:00,1,41
style.css,31,css,0cf4878a,Terence Zhang,2025-10-10,15:23:26,-07:00,2025-10-10T15:23:26-07:00,0,0
style.css,32,css,0cf4878a,Terence Zhang,2025-10-10,15:23:26,-07:00,2025-10-10T15:23:26-07:00,0,0
style.css,33,css,0cf4878a,Terence Zhang,2025-10-10,15:23:26,-07:00,2025-10-10T15:23:26-07:00,0,5
style.css,34,css,0cf4878a,Terence Zhang,2025-10-10,15:23:26,-07:00,2025-10-10T15:23:26-07:00,1,6
style.css,35,css,0cf4878a,Terence Zhang,2025-10-10,15:23:26,-07:00,2025-10-10T15:23:26-07:00,1,13
style.css,36,css,0cf4878a,Terence Zhang,2025-10-10,15:23:26,-07:00,2025-10-10T15:23:26-07:00,1,17
style.css,37,css,0cf4878a,Terence Zhang,2025-10-10,15:23:26,-07:00,2025-10-10T15:23:26-07:00,1,13
style.css,38,css,0cf4878a,Terence Zhang,2025-10-10,15:23:26,-07:00,2025-10-10T15:23:26-07:00,1,20
style.css,39,css,0cf4878a,Terence Zhang,2025-10-10,15:23:26,-07:00,2025-10-10T15:23:26-07:00,1,13
style.css,40,css,0cf4878a,Terence Zhang,2025-10-10,15:23:26,-07:00,2025-10-10T15:23:26-07:00,1,37
style.css,41,css,0cf4878a,Terence Zhang,2025-10-10,15:23:26,-07:00,2025-10-10T15:23:26-07:00,0,0
style.css,42,css,0cf4878a,Terence Zhang,2025-10-10,15:23:26,-07:00,2025-10-10T15:23:26-07:00,0,0
style.css,43,css,0cf4878a,Terence Zhang,2025-10-10,15:23:26,-07:00,2025-10-10T15:23:26-07:00,0,13
style.css,44,css,7e91df09,Terence Zhang,2025-10-17,23:12:20,-07:00,2025-10-17T23:12:20-07:00,1,39
style.css,45,css,0cf4878a,Terence Zhang,2025-10-10,15:23:26,-07:00,2025-10-10T15:23:26-07:00,1,34
style.css,46,css,0cf4878a,Terence Zhang,2025-10-10,15:23:26,-07:00,2025-10-10T15:23:26-07:00,0,0
style.css,47,css,0cf4878a,Terence Zhang,2025-10-10,15:23:26,-07:00,2025-10-10T15:23:26-07:00,0,0
style.css,48,css,0cf4878a,Terence Zhang,2025-10-10,15:23:26,-07:00,2025-10-10T15:23:26-07:00,0,4
style.css,49,css,0cf4878a,Terence Zhang,2025-10-10,15:23:26,-07:00,2025-10-10T15:23:26-07:00,1,45
style.css,50,css,0cf4878a,Terence Zhang,2025-10-10,15:23:26,-07:00,2025-10-10T15:23:26-07:00,1,32
style.css,51,css,0cf4878a,Terence Zhang,2025-10-10,15:23:26,-07:00,2025-10-10T15:23:26-07:00,0,0
style.css,52,css,0cf4878a,Terence Zhang,2025-10-10,15:23:26,-07:00,2025-10-10T15:23:26-07:00,0,0
style.css,53,css,0cf4878a,Terence Zhang,2025-10-10,15:23:26,-07:00,2025-10-10T15:23:26-07:00,0,11
style.css,54,css,0cf4878a,Terence Zhang,2025-10-10,15:23:26,-07:00,2025-10-10T15:23:26-07:00,1,39
style.css,55,css,7e91df09,Terence Zhang,2025-10-17,23:12:20,-07:00,2025-10-17T23:12:20-07:00,1,69
style.css,56,css,0cf4878a,Terence Zhang,2025-10-10,15:23:26,-07:00,2025-10-10T15:23:26-07:00,0,0
style.css,57,css,0cf4878a,Terence Zhang,2025-10-10,15:23:26,-07:00,2025-10-10T15:23:26-07:00,0,0
style.css,58,css,7e91df09,Terence Zhang,2025-10-17,23:12:20,-07:00,2025-10-17T23:12:20-07:00,0,0
style.css,59,css,0cf4878a,Terence Zhang,2025-10-10,15:23:26,-07:00,2025-10-10T15:23:26-07:00,0,12
style.css,60,css,0cf4878a,Terence Zhang,2025-10-10,15:23:26,-07:00,2025-10-10T15:23:26-07:00,0,15
style.css,61,css,0cf4878a,Terence Zhang,2025-10-10,15:23:26,-07:00,2025-10-10T15:23:26-07:00,1,12
style.css,62,css,0cf4878a,Terence Zhang,2025-10-10,15:23:26,-07:00,2025-10-10T15:23:26-07:00,0,0
style.css,63,css,0cf4878a,Terence Zhang,2025-10-10,15:23:26,-07:00,2025-10-10T15:23:26-07:00,0,0
style.css,64,css,0cf4878a,Terence Zhang,2025-10-10,15:23:26,-07:00,2025-10-10T15:23:26-07:00,0,13
style.css,65,css,0cf4878a,Terence Zhang,2025-10-10,15:23:26,-07:00,2025-10-10T15:23:26-07:00,1,12
style.css,66,css,0cf4878a,Terence Zhang,2025-10-10,15:23:26,-07:00,2025-10-10T15:23:26-07:00,1,30
style.css,67,css,0cf4878a,Terence Zhang,2025-10-10,15:23:26,-07:00,2025-10-10T15:23:26-07:00,1,7
style.css,68,css,0cf4878a,Terence Zhang,2025-10-10,15:23:26,-07:00,2025-10-10T15:23:26-07:00,0,0
style.css,69,css,0cf4878a,Terence Zhang,2025-10-10,15:23:26,-07:00,2025-10-10T15:23:26-07:00,0,0
style.css,70,css,0cf4878a,Terence Zhang,2025-10-10,15:23:26,-07:00,2025-10-10T15:23:26-07:00,0,19
style.css,71,css,0cf4878a,Terence Zhang,2025-10-10,15:23:26,-07:00,2025-10-10T15:23:26-07:00,1,12
style.css,72,css,0cf4878a,Terence Zhang,2025-10-10,15:23:26,-07:00,2025-10-10T15:23:26-07:00,1,29
style.css,73,css,0cf4878a,Terence Zhang,2025-10-10,15:23:26,-07:00,2025-10-10T15:23:26-07:00,1,18
style.css,74,css,0cf4878a,Terence Zhang,2025-10-10,15:23:26,-07:00,2025-10-10T15:23:26-07:00,1,18
style.css,75,css,0cf4878a,Terence Zhang,2025-10-10,15:23:26,-07:00,2025-10-10T15:23:26-07:00,0,0
style.css,76,css,0cf4878a,Terence Zhang,2025-10-10,15:23:26,-07:00,2025-10-10T15:23:26-07:00,0,0
style.css,77,css,0cf4878a,Terence Zhang,2025-10-10,15:23:26,-07:00,2025-10-10T15:23:26-07:00,0,26
style.css,78,css,0cf4878a,Terence Zhang,2025-10-10,15:23:26,-07:00,2025-10-10T15:23:26-07:00,1,16
style.css,79,css,0cf4878a,Terence Zhang,2025-10-10,15:23:26,-07:00,2025-10-10T15:23:26-07:00,0,0
style.css,80,css,0cf4878a,Terence Zhang,2025-10-10,15:23:26,-07:00,2025-10-10T15:23:26-07:00,0,0
style.css,81,css,0cf4878a,Terence Zhang,2025-10-10,15:23:26,-07:00,2025-10-10T15:23:26-07:00,0,18
style.css,82,css,0cf4878a,Terence Zhang,2025-10-10,15:23:26,-07:00,2025-10-10T15:23:26-07:00,0,22
style.css,83,css,0cf4878a,Terence Zhang,2025-10-10,15:23:26,-07:00,2025-10-10T15:23:26-07:00,1,10
style.css,84,css,0cf4878a,Terence Zhang,2025-10-10,15:23:26,-07:00,2025-10-10T15:23:26-07:00,1,21
style.css,85,css,0cf4878a,Terence Zhang,2025-10-10,15:23:26,-07:00,2025-10-10T15:23:26-07:00,0,0
style.css,86,css,0cf4878a,Terence Zhang,2025-10-10,15:23:26,-07:00,2025-10-10T15:23:26-07:00,0,0
style.css,87,css,0cf4878a,Terence Zhang,2025-10-10,15:23:26,-07:00,2025-10-10T15:23:26-07:00,0,20
style.css,88,css,0cf4878a,Terence Zhang,2025-10-10,15:23:26,-07:00,2025-10-10T15:23:26-07:00,1,18
style.css,89,css,0cf4878a,Terence Zhang,2025-10-10,15:23:26,-07:00,2025-10-10T15:23:26-07:00,1,18
style.css,90,css,0cf4878a,Terence Zhang,2025-10-10,15:23:26,-07:00,2025-10-10T15:23:26-07:00,0,0
style.css,91,css,0cf4878a,Terence Zhang,2025-10-10,15:23:26,-07:00,2025-10-10T15:23:26-07:00,0,0
style.css,92,css,0cf4878a,Terence Zhang,2025-10-10,15:23:26,-07:00,2025-10-10T15:23:26-07:00,0,9
style.css,93,css,0cf4878a,Terence Zhang,2025-10-10,15:23:26,-07:00,2025-10-10T15:23:26-07:00,1,12
style.css,94,css,0cf4878a,Terence Zhang,2025-10-10,15:23:26,-07:00,2025-10-10T15:23:26-07:00,1,58
style.css,95,css,0cf4878a,Terence Zhang,2025-10-10,15:23:26,-07:00,2025-10-10T15:23:26-07:00,1,19
style.css,96,css,0cf4878a,Terence Zhang,2025-10-10,15:23:26,-07:00,2025-10-10T15:23:26-07:00,1,7
style.css,97,css,0cf4878a,Terence Zhang,2025-10-10,15:23:26,-07:00,2025-10-10T15:23:26-07:00,1,19
style.css,98,css,0cf4878a,Terence Zhang,2025-10-10,15:23:26,-07:00,2025-10-10T15:23:26-07:00,0,0
style.css,99,css,0cf4878a,Terence Zhang,2025-10-10,15:23:26,-07:00,2025-10-10T15:23:26-07:00,0,0
style.css,100,css,0cf4878a,Terence Zhang,2025-10-10,15:23:26,-07:00,2025-10-10T15:23:26-07:00,0,19
style.css,101,css,0cf4878a,Terence Zhang,2025-10-10,15:23:26,-07:00,2025-10-10T15:23:26-07:00,1,12
style.css,102,css,0cf4878a,Terence Zhang,2025-10-10,15:23:26,-07:00,2025-10-10T15:23:26-07:00,1,26
style.css,103,css,0cf4878a,Terence Zhang,2025-10-10,15:23:26,-07:00,2025-10-10T15:23:26-07:00,1,15
style.css,104,css,0cf4878a,Terence Zhang,2025-10-10,15:23:26,-07:00,2025-10-10T15:23:26-07:00,1,17
style.css,105,css,0cf4878a,Terence Zhang,2025-10-10,15:23:26,-07:00,2025-10-10T15:23:26-07:00,0,0
style.css,106,css,0cf4878a,Terence Zhang,2025-10-10,15:23:26,-07:00,2025-10-10T15:23:26-07:00,0,0
style.css,107,css,0cf4878a,Terence Zhang,2025-10-10,15:23:26,-07:00,2025-10-10T15:23:26-07:00,0,12
style.css,108,css,0cf4878a,Terence Zhang,2025-10-10,15:23:26,-07:00,2025-10-10T15:23:26-07:00,1,8
style.css,109,css,0cf4878a,Terence Zhang,2025-10-10,15:23:26,-07:00,2025-10-10T15:23:26-07:00,0,0
style.css,110,css,0cf4878a,Terence Zhang,2025-10-10,15:23:26,-07:00,2025-10-10T15:23:26-07:00,0,0
style.css,111,css,0cf4878a,Terence Zhang,2025-10-10,15:23:26,-07:00,2025-10-10T15:23:26-07:00,0,13
style.css,112,css,0cf4878a,Terence Zhang,2025-10-10,15:23:26,-07:00,2025-10-10T15:23:26-07:00,1,10
style.css,113,css,0cf4878a,Terence Zhang,2025-10-10,15:23:26,-07:00,2025-10-10T15:23:26-07:00,1,11
style.css,114,css,0cf4878a,Terence Zhang,2025-10-10,15:23:26,-07:00,2025-10-10T15:23:26-07:00,1,13
style.css,115,css,0cf4878a,Terence Zhang,2025-10-10,15:23:26,-07:00,2025-10-10T15:23:26-07:00,0,0
style.css,116,css,0cf4878a,Terence Zhang,2025-10-10,15:23:26,-07:00,2025-10-10T15:23:26-07:00,0,0
style.css,117,css,0cf4878a,Terence Zhang,2025-10-10,15:23:26,-07:00,2025-10-10T15:23:26-07:00,0,2
style.css,118,css,0cf4878a,Terence Zhang,2025-10-10,15:23:26,-07:00,2025-10-10T15:23:26-07:00,1,14
style.css,119,css,0cf4878a,Terence Zhang,2025-10-10,15:23:26,-07:00,2025-10-10T15:23:26-07:00,0,0
style.css,120,css,0cf4878a,Terence Zhang,2025-10-10,15:23:26,-07:00,2025-10-10T15:23:26-07:00,0,0
style.css,121,css,0cf4878a,Terence Zhang,2025-10-10,15:23:26,-07:00,2025-10-10T15:23:26-07:00,0,22
style.css,122,css,0cf4878a,Terence Zhang,2025-10-10,15:23:26,-07:00,2025-10-10T15:23:26-07:00,1,15
style.css,123,css,0cf4878a,Terence Zhang,2025-10-10,15:23:26,-07:00,2025-10-10T15:23:26-07:00,1,17
style.css,124,css,0cf4878a,Terence Zhang,2025-10-10,15:23:26,-07:00,2025-10-10T15:23:26-07:00,0,0
style.css,125,css,0cf4878a,Terence Zhang,2025-10-10,15:23:26,-07:00,2025-10-10T15:23:26-07:00,0,0
style.css,126,css,0cf4878a,Terence Zhang,2025-10-10,15:23:26,-07:00,2025-10-10T15:23:26-07:00,0,7
style.css,127,css,0cf4878a,Terence Zhang,2025-10-10,15:23:26,-07:00,2025-10-10T15:23:26-07:00,1,17
style.css,128,css,0cf4878a,Terence Zhang,2025-10-10,15:23:26,-07:00,2025-10-10T15:23:26-07:00,0,0
style.css,129,css,0cf4878a,Terence Zhang,2025-10-10,15:23:26,-07:00,2025-10-10T15:23:26-07:00,0,0
style.css,130,css,0cf4878a,Terence Zhang,2025-10-10,15:23:26,-07:00,2025-10-10T15:23:26-07:00,0,12
style.css,131,css,0cf4878a,Terence Zhang,2025-10-10,15:23:26,-07:00,2025-10-10T15:23:26-07:00,1,16
style.css,132,css,0cf4878a,Terence Zhang,2025-10-10,15:23:26,-07:00,2025-10-10T15:23:26-07:00,1,41
style.css,133,css,0cf4878a,Terence Zhang,2025-10-10,15:23:26,-07:00,2025-10-10T15:23:26-07:00,1,21
style.css,134,css,0cf4878a,Terence Zhang,2025-10-10,15:23:26,-07:00,2025-10-10T15:23:26-07:00,1,18
style.css,135,css,0cf4878a,Terence Zhang,2025-10-10,15:23:26,-07:00,2025-10-10T15:23:26-07:00,0,0
style.css,136,css,0cf4878a,Terence Zhang,2025-10-10,15:23:26,-07:00,2025-10-10T15:23:26-07:00,0,0
style.css,137,css,0cf4878a,Terence Zhang,2025-10-10,15:23:26,-07:00,2025-10-10T15:23:26-07:00,0,17
style.css,138,css,0cf4878a,Terence Zhang,2025-10-10,15:23:26,-07:00,2025-10-10T15:23:26-07:00,1,12
style.css,139,css,0cf4878a,Terence Zhang,2025-10-10,15:23:26,-07:00,2025-10-10T15:23:26-07:00,1,30
style.css,140,css,0cf4878a,Terence Zhang,2025-10-10,15:23:26,-07:00,2025-10-10T15:23:26-07:00,1,15
style.css,141,css,0cf4878a,Terence Zhang,2025-10-10,15:23:26,-07:00,2025-10-10T15:23:26-07:00,1,14
style.css,142,css,0cf4878a,Terence Zhang,2025-10-10,15:23:26,-07:00,2025-10-10T15:23:26-07:00,1,17
style.css,143,css,0cf4878a,Terence Zhang,2025-10-10,15:23:26,-07:00,2025-10-10T15:23:26-07:00,1,19
style.css,144,css,0cf4878a,Terence Zhang,2025-10-10,15:23:26,-07:00,2025-10-10T15:23:26-07:00,0,0
style.css,145,css,0cf4878a,Terence Zhang,2025-10-10,15:23:26,-07:00,2025-10-10T15:23:26-07:00,0,0
style.css,146,css,0cf4878a,Terence Zhang,2025-10-10,15:23:26,-07:00,2025-10-10T15:23:26-07:00,0,20
style.css,147,css,0cf4878a,Terence Zhang,2025-10-10,15:23:26,-07:00,2025-10-10T15:23:26-07:00,1,13
style.css,148,css,0cf4878a,Terence Zhang,2025-10-10,15:23:26,-07:00,2025-10-10T15:23:26-07:00,1,8
style.css,149,css,0cf4878a,Terence Zhang,2025-10-10,15:23:26,-07:00,2025-10-10T15:23:26-07:00,0,0
style.css,150,css,0cf4878a,Terence Zhang,2025-10-10,15:23:26,-07:00,2025-10-10T15:23:26-07:00,0,22
style.css,151,css,0cf4878a,Terence Zhang,2025-10-10,15:23:26,-07:00,2025-10-10T15:23:26-07:00,1,13
style.css,152,css,0cf4878a,Terence Zhang,2025-10-10,15:23:26,-07:00,2025-10-10T15:23:26-07:00,1,24
style.css,153,css,0cf4878a,Terence Zhang,2025-10-10,15:23:26,-07:00,2025-10-10T15:23:26-07:00,1,15
style.css,154,css,0cf4878a,Terence Zhang,2025-10-10,15:23:26,-07:00,2025-10-10T15:23:26-07:00,1,18
style.css,155,css,0cf4878a,Terence Zhang,2025-10-10,15:23:26,-07:00,2025-10-10T15:23:26-07:00,0,0
style.css,156,css,0cf4878a,Terence Zhang,2025-10-10,15:23:26,-07:00,2025-10-10T15:23:26-07:00,0,19
style.css,157,css,0cf4878a,Terence Zhang,2025-10-10,15:23:26,-07:00,2025-10-10T15:23:26-07:00,1,18
style.css,158,css,0cf4878a,Terence Zhang,2025-10-10,15:23:26,-07:00,2025-10-10T15:23:26-07:00,1,15
style.css,159,css,7e91df09,Terence Zhang,2025-10-17,23:12:20,-07:00,2025-10-17T23:12:20-07:00,0,0
style.css,160,css,7e91df09,Terence Zhang,2025-10-17,23:12:20,-07:00,2025-10-17T23:12:20-07:00,0,0
style.css,161,css,7e91df09,Terence Zhang,2025-10-17,23:12:20,-07:00,2025-10-17T23:12:20-07:00,0,13
style.css,162,css,7e91df09,Terence Zhang,2025-10-17,23:12:20,-07:00,2025-10-17T23:12:20-07:00,1,17
style.css,163,css,7e91df09,Terence Zhang,2025-10-17,23:12:20,-07:00,2025-10-17T23:12:20-07:00,1,8
style.css,164,css,7e91df09,Terence Zhang,2025-10-17,23:12:20,-07:00,2025-10-17T23:12:20-07:00,1,10
style.css,165,css,7e91df09,Terence Zhang,2025-10-17,23:12:20,-07:00,2025-10-17T23:12:20-07:00,1,12
style.css,166,css,7e91df09,Terence Zhang,2025-10-17,23:12:20,-07:00,2025-10-17T23:12:20-07:00,0,0
style.css,167,css,7e91df09,Terence Zhang,2025-10-17,23:12:20,-07:00,2025-10-17T23:12:20-07:00,0,0
style.css,168,css,7e91df09,Terence Zhang,2025-10-17,23:12:20,-07:00,2025-10-17T23:12:20-07:00,0,20
style.css,169,css,7e91df09,Terence Zhang,2025-10-17,23:12:20,-07:00,2025-10-17T23:12:20-07:00,1,17
style.css,170,css,5343de29,Terence Zhang,2025-10-25,18:59:59,-07:00,2025-10-25T18:59:59-07:00,0,0
style.css,171,css,5343de29,Terence Zhang,2025-10-25,18:59:59,-07:00,2025-10-25T18:59:59-07:00,0,0
style.css,172,css,5343de29,Terence Zhang,2025-10-25,18:59:59,-07:00,2025-10-25T18:59:59-07:00,0,11
style.css,173,css,5343de29,Terence Zhang,2025-10-25,18:59:59,-07:00,2025-10-25T18:59:59-07:00,1,12
style.css,174,css,5343de29,Terence Zhang,2025-10-25,18:59:59,-07:00,2025-10-25T18:59:59-07:00,1,36
style.css,175,css,5343de29,Terence Zhang,2025-10-25,18:59:59,-07:00,2025-10-25T18:59:59-07:00,1,14
style.css,176,css,5343de29,Terence Zhang,2025-10-25,18:59:59,-07:00,2025-10-25T18:59:59-07:00,0,0
style.css,177,css,5343de29,Terence Zhang,2025-10-25,18:59:59,-07:00,2025-10-25T18:59:59-07:00,0,47
style.css,178,css,5343de29,Terence Zhang,2025-10-25,18:59:59,-07:00,2025-10-25T18:59:59-07:00,0,40
style.css,179,css,b0f9cb7d,Terence Zhang,2025-10-31,20:10:28,-07:00,2025-10-31T20:10:28-07:00,0,0
style.css,180,css,b0f9cb7d,Terence Zhang,2025-10-31,20:10:28,-07:00,2025-10-31T20:10:28-07:00,0,0
style.css,181,css,b0f9cb7d,Terence Zhang,2025-10-31,20:10:28,-07:00,2025-10-31T20:10:28-07:00,0,18
style.css,182,css,b0f9cb7d,Terence Zhang,2025-10-31,20:10:28,-07:00,2025-10-31T20:10:28-07:00,1,14
style.css,183,css,b0f9cb7d,Terence Zhang,2025-10-31,20:10:28,-07:00,2025-10-31T20:10:28-07:00,1,16
style.css,184,css,b0f9cb7d,Terence Zhang,2025-10-31,20:10:28,-07:00,2025-10-31T20:10:28-07:00,1,16
style.css,185,css,b0f9cb7d,Terence Zhang,2025-10-31,20:10:28,-07:00,2025-10-31T20:10:28-07:00,0,0
style.css,186,css,b0f9cb7d,Terence Zhang,2025-10-31,20:10:28,-07:00,2025-10-31T20:10:28-07:00,0,0
style.css,187,css,b0f9cb7d,Terence Zhang,2025-10-31,20:10:28,-07:00,2025-10-31T20:10:28-07:00,0,14
style.css,188,css,b0f9cb7d,Terence Zhang,2025-10-31,20:10:28,-07:00,2025-10-31T20:10:28-07:00,1,12
style.css,189,css,b0f9cb7d,Terence Zhang,2025-10-31,20:10:28,-07:00,2025-10-31T20:10:28-07:00,1,22
style.css,190,css,b0f9cb7d,Terence Zhang,2025-10-31,20:10:28,-07:00,2025-10-31T20:10:28-07:00,1,11
style.css,191,css,b0f9cb7d,Terence Zhang,2025-10-31,20:10:28,-07:00,2025-10-31T20:10:28-07:00,1,17
style.css,192,css,b0f9cb7d,Terence Zhang,2025-10-31,20:10:28,-07:00,2025-10-31T20:10:28-07:00,0,0
style.css,193,css,b0f9cb7d,Terence Zhang,2025-10-31,20:10:28,-07:00,2025-10-31T20:10:28-07:00,0,22
style.css,194,css,b0f9cb7d,Terence Zhang,2025-10-31,20:10:28,-07:00,2025-10-31T20:10:28-07:00,1,6
style.css,195,css,b0f9cb7d,Terence Zhang,2025-10-31,20:10:28,-07:00,2025-10-31T20:10:28-07:00,0,0
style.css,196,css,b0f9cb7d,Terence Zhang,2025-10-31,20:10:28,-07:00,2025-10-31T20:10:28-07:00,0,0
style.css,197,css,b0f9cb7d,Terence Zhang,2025-10-31,20:10:28,-07:00,2025-10-31T20:10:28-07:00,0,7
style.css,198,css,b0f9cb7d,Terence Zhang,2025-10-31,20:10:28,-07:00,2025-10-31T20:10:28-07:00,1,15
style.css,199,css,b0f9cb7d,Terence Zhang,2025-10-31,20:10:28,-07:00,2025-10-31T20:10:28-07:00,1,15
style.css,200,css,b0f9cb7d,Terence Zhang,2025-10-31,20:10:28,-07:00,2025-10-31T20:10:28-07:00,1,8
style.css,201,css,b0f9cb7d,Terence Zhang,2025-10-31,20:10:28,-07:00,2025-10-31T20:10:28-07:00,1,36
style.css,202,css,b0f9cb7d,Terence Zhang,2025-10-31,20:10:28,-07:00,2025-10-31T20:10:28-07:00,1,20
style.css,203,css,b0f9cb7d,Terence Zhang,2025-10-31,20:10:28,-07:00,2025-10-31T20:10:28-07:00,0,0
style.css,204,css,b0f9cb7d,Terence Zhang,2025-10-31,20:10:28,-07:00,2025-10-31T20:10:28-07:00,1,12
style.css,205,css,b0f9cb7d,Terence Zhang,2025-10-31,20:10:28,-07:00,2025-10-31T20:10:28-07:00,1,57
style.css,206,css,b0f9cb7d,Terence Zhang,2025-10-31,20:10:28,-07:00,2025-10-31T20:10:28-07:00,1,16
style.css,207,css,b0f9cb7d,Terence Zhang,2025-10-31,20:10:28,-07:00,2025-10-31T20:10:28-07:00,0,0
style.css,208,css,b0f9cb7d,Terence Zhang,2025-10-31,20:10:28,-07:00,2025-10-31T20:10:28-07:00,0,0
style.css,209,css,b0f9cb7d,Terence Zhang,2025-10-31,20:10:28,-07:00,2025-10-31T20:10:28-07:00,0,13
style.css,210,css,b0f9cb7d,Terence Zhang,2025-10-31,20:10:28,-07:00,2025-10-31T20:10:28-07:00,1,12
style.css,211,css,b0f9cb7d,Terence Zhang,2025-10-31,20:10:28,-07:00,2025-10-31T20:10:28-07:00,1,18
style.css,212,css,b0f9cb7d,Terence Zhang,2025-10-31,20:10:28,-07:00,2025-10-31T20:10:28-07:00,1,10
style.css,213,css,b0f9cb7d,Terence Zhang,2025-10-31,20:10:28,-07:00,2025-10-31T20:10:28-07:00,1,17
style.css,214,css,b0f9cb7d,Terence Zhang,2025-10-31,20:10:28,-07:00,2025-10-31T20:10:28-07:00,0,0
style.css,215,css,b0f9cb7d,Terence Zhang,2025-10-31,20:10:28,-07:00,2025-10-31T20:10:28-07:00,0,0
style.css,216,css,b0f9cb7d,Terence Zhang,2025-10-31,20:10:28,-07:00,2025-10-31T20:10:28-07:00,0,15
style.css,217,css,b0f9cb7d,Terence Zhang,2025-10-31,20:10:28,-07:00,2025-10-31T20:10:28-07:00,1,20
style.css,218,css,b0f9cb7d,Terence Zhang,2025-10-31,20:10:28,-07:00,2025-10-31T20:10:28-07:00,1,11
style.css,219,css,b0f9cb7d,Terence Zhang,2025-10-31,20:10:28,-07:00,2025-10-31T20:10:28-07:00,1,12
style.css,220,css,b0f9cb7d,Terence Zhang,2025-10-31,20:10:28,-07:00,2025-10-31T20:10:28-07:00,1,18
style.css,221,css,b0f9cb7d,Terence Zhang,2025-10-31,20:10:28,-07:00,2025-10-31T20:10:28-07:00,1,23
style.css,222,css,b0f9cb7d,Terence Zhang,2025-10-31,20:10:28,-07:00,2025-10-31T20:10:28-07:00,1,20
style.css,223,css,b0f9cb7d,Terence Zhang,2025-10-31,20:10:28,-07:00,2025-10-31T20:10:28-07:00,0,0
style.css,224,css,b0f9cb7d,Terence Zhang,2025-10-31,20:10:28,-07:00,2025-10-31T20:10:28-07:00,0,16
style.css,225,css,b0f9cb7d,Terence Zhang,2025-10-31,20:10:28,-07:00,2025-10-31T20:10:28-07:00,1,17
style.css,226,css,b0f9cb7d,Terence Zhang,2025-10-31,20:10:28,-07:00,2025-10-31T20:10:28-07:00,1,11
style.css,227,css,b0f9cb7d,Terence Zhang,2025-10-31,20:10:28,-07:00,2025-10-31T20:10:28-07:00,0,0
style.css,228,css,b0f9cb7d,Terence Zhang,2025-10-31,20:10:28,-07:00,2025-10-31T20:10:28-07:00,0,0
style.css,229,css,b0f9cb7d,Terence Zhang,2025-10-31,20:10:28,-07:00,2025-10-31T20:10:28-07:00,0,25
style.css,230,css,b0f9cb7d,Terence Zhang,2025-10-31,20:10:28,-07:00,2025-10-31T20:10:28-07:00,1,14
style.css,231,css,b0f9cb7d,Terence Zhang,2025-10-31,20:10:28,-07:00,2025-10-31T20:10:28-07:00,2,21
style.css,232,css,b0f9cb7d,Terence Zhang,2025-10-31,20:10:28,-07:00,2025-10-31T20:10:28-07:00,1,0
style.css,233,css,b0f9cb7d,Terence Zhang,2025-10-31,20:10:28,-07:00,2025-10-31T20:10:28-07:00,0,0
style.css,234,css,b0f9cb7d,Terence Zhang,2025-10-31,20:10:28,-07:00,2025-10-31T20:10:28-07:00,0,0
style.css,235,css,b0f9cb7d,Terence Zhang,2025-10-31,20:10:28,-07:00,2025-10-31T20:10:28-07:00,0,4
style.css,236,css,b0f9cb7d,Terence Zhang,2025-10-31,20:10:28,-07:00,2025-10-31T20:10:28-07:00,1,14
style.css,237,css,b0f9cb7d,Terence Zhang,2025-10-31,20:10:28,-07:00,2025-10-31T20:10:28-07:00,1,16
style.css,238,css,b0f9cb7d,Terence Zhang,2025-10-31,20:10:28,-07:00,2025-10-31T20:10:28-07:00,0,0
style.css,239,css,b0f9cb7d,Terence Zhang,2025-10-31,20:10:28,-07:00,2025-10-31T20:10:28-07:00,0,0
style.css,240,css,b0f9cb7d,Terence Zhang,2025-10-31,20:10:28,-07:00,2025-10-31T20:10:28-07:00,0,51
style.css,241,css,b0f9cb7d,Terence Zhang,2025-10-31,20:10:28,-07:00,2025-10-31T20:10:28-07:00,1,11
style.css,242,css,b0f9cb7d,Terence Zhang,2025-10-31,20:10:28,-07:00,2025-10-31T20:10:28-07:00,0,0
style.css,243,css,b0f9cb7d,Terence Zhang,2025-10-31,20:10:28,-07:00,2025-10-31T20:10:28-07:00,0,0
style.css,244,css,b0f9cb7d,Terence Zhang,2025-10-31,20:10:28,-07:00,2025-10-31T20:10:28-07:00,0,9
style.css,245,css,b0f9cb7d,Terence Zhang,2025-10-31,20:10:28,-07:00,2025-10-31T20:10:28-07:00,1,35
style.css,246,css,b0f9cb7d,Terence Zhang,2025-10-31,20:10:28,-07:00,2025-10-31T20:10:28-07:00,0,0
style.css,247,css,b0f9cb7d,Terence Zhang,2025-10-31,20:10:28,-07:00,2025-10-31T20:10:28-07:00,0,0
style.css,248,css,b0f9cb7d,Terence Zhang,2025-10-31,20:10:28,-07:00,2025-10-31T20:10:28-07:00,0,18
style.css,249,css,b0f9cb7d,Terence Zhang,2025-10-31,20:10:28,-07:00,2025-10-31T20:10:28-07:00,1,17
style.css,250,css,b0f9cb7d,Terence Zhang,2025-10-31,20:10:28,-07:00,2025-10-31T20:10:28-07:00,0,0
resume.html,1,html,38dd7c38,Terence Zhang,2025-10-03,18:46:51,-07:00,2025-10-03T18:46:51-07:00,0,13
resume.html,2,html,38dd7c38,Terence Zhang,2025-10-03,18:46:51,-07:00,2025-10-03T18:46:51-07:00,0,14
resume.html,3,html,38dd7c38,Terence Zhang,2025-10-03,18:46:51,-07:00,2025-10-03T18:46:51-07:00,0,4
resume.html,4,html,38dd7c38,Terence Zhang,2025-10-03,18:46:51,-07:00,2025-10-03T18:46:51-07:00,2,20
resume.html,5,html,38dd7c38,Terence Zhang,2025-10-03,18:46:51,-07:00,2025-10-03T18:46:51-07:00,2,68
resume.html,6,html,38dd7c38,Terence Zhang,2025-10-03,18:46:51,-07:00,2025-10-03T18:46:51-07:00,2,19
resume.html,7,html,0cf4878a,Terence Zhang,2025-10-10,15:23:26,-07:00,2025-10-10T15:23:26-07:00,2,38
resume.html,8,html,7e91df09,Terence Zhang,2025-10-17,23:12:20,-07:00,2025-10-17T23:12:20-07:00,2,45
resume.html,9,html,0cf4878a,Terence Zhang,2025-10-10,15:23:26,-07:00,2025-10-10T15:23:26-07:00,0,0
resume.html,10,html,38dd7c38,Terence Zhang,2025-10-03,18:46:51,-07:00,2025-10-03T18:46:51-07:00,0,5
resume.html,11,html,38dd7c38,Terence Zhang,2025-10-03,18:46:51,-07:00,2025-10-03T18:46:51-07:00,0,4
resume.html,12,html,38dd7c38,Terence Zhang,2025-10-03,18:46:51,-07:00,2025-10-03T18:46:51-07:00,2,7
resume.html,13,html,38dd7c38,Terence Zhang,2025-10-03,18:46:51,-07:00,2025-10-03T18:46:51-07:00,4,16
resume.html,14,html,38dd7c38,Terence Zhang,2025-10-03,18:46:51,-07:00,2025-10-03T18:46:51-07:00,4,46
resume.html,15,html,38dd7c38,Terence Zhang,2025-10-03,18:46:51,-07:00,2025-10-03T18:46:51-07:00,2,8
resume.html,16,html,38dd7c38,Terence Zhang,2025-10-03,18:46:51,-07:00,2025-10-03T18:46:51-07:00,0,0
resume.html,17,html,38dd7c38,Terence Zhang,2025-10-03,18:46:51,-07:00,2025-10-03T18:46:51-07:00,2,7
resume.html,18,html,38dd7c38,Terence Zhang,2025-10-03,18:46:51,-07:00,2025-10-03T18:46:51-07:00,4,17
resume.html,19,html,38dd7c38,Terence Zhang,2025-10-03,18:46:51,-07:00,2025-10-03T18:46:51-07:00,0,0
resume.html,20,html,38dd7c38,Terence Zhang,2025-10-03,18:46:51,-07:00,2025-10-03T18:46:51-07:00,4,7
resume.html,21,html,38dd7c38,Terence Zhang,2025-10-03,18:46:51,-07:00,2025-10-03T18:46:51-07:00,4,26
resume.html,22,html,38dd7c38,Terence Zhang,2025-10-03,18:46:51,-07:00,2025-10-03T18:46:51-07:00,4,88
resume.html,23,html,38dd7c38,Terence Zhang,2025-10-03,18:46:51,-07:00,2025-10-03T18:46:51-07:00,4,73
resume.html,24,html,38dd7c38,Terence Zhang,2025-10-03,18:46:51,-07:00,2025-10-03T18:46:51-07:00,4,8
resume.html,25,html,38dd7c38,Terence Zhang,2025-10-03,18:46:51,-07:00,2025-10-03T18:46:51-07:00,0,0
resume.html,26,html,38dd7c38,Terence Zhang,2025-10-03,18:46:51,-07:00,2025-10-03T18:46:51-07:00,4,7
resume.html,27,html,38dd7c38,Terence Zhang,2025-10-03,18:46:51,-07:00,2025-10-03T18:46:51-07:00,4,38
resume.html,28,html,38dd7c38,Terence Zhang,2025-10-03,18:46:51,-07:00,2025-10-03T18:46:51-07:00,4,88
resume.html,29,html,38dd7c38,Terence Zhang,2025-10-03,18:46:51,-07:00,2025-10-03T18:46:51-07:00,4,71
resume.html,30,html,38dd7c38,Terence Zhang,2025-10-03,18:46:51,-07:00,2025-10-03T18:46:51-07:00,4,8
resume.html,31,html,38dd7c38,Terence Zhang,2025-10-03,18:46:51,-07:00,2025-10-03T18:46:51-07:00,2,8
resume.html,32,html,38dd7c38,Terence Zhang,2025-10-03,18:46:51,-07:00,2025-10-03T18:46:51-07:00,0,0
resume.html,33,html,38dd7c38,Terence Zhang,2025-10-03,18:46:51,-07:00,2025-10-03T18:46:51-07:00,2,7
resume.html,34,html,38dd7c38,Terence Zhang,2025-10-03,18:46:51,-07:00,2025-10-03T18:46:51-07:00,4,13
resume.html,35,html,38dd7c38,Terence Zhang,2025-10-03,18:46:51,-07:00,2025-10-03T18:46:51-07:00,4,40
resume.html,36,html,38dd7c38,Terence Zhang,2025-10-03,18:46:51,-07:00,2025-10-03T18:46:51-07:00,2,8
resume.html,37,html,38dd7c38,Terence Zhang,2025-10-03,18:46:51,-07:00,2025-10-03T18:46:51-07:00,0,0
resume.html,38,html,38dd7c38,Terence Zhang,2025-10-03,18:46:51,-07:00,2025-10-03T18:46:51-07:00,0,5
resume.html,39,html,38dd7c38,Terence Zhang,2025-10-03,18:46:51,-07:00,2025-10-03T18:46:51-07:00,0,5
index.js,1,js,5343de29,Terence Zhang,2025-10-25,18:59:59,-07:00,2025-10-25T18:59:59-07:00,0,71
index.js,2,js,5343de29,Terence Zhang,2025-10-25,18:59:59,-07:00,2025-10-25T18:59:59-07:00,0,0
index.js,3,js,5343de29,Terence Zhang,2025-10-25,18:59:59,-07:00,2025-10-25T18:59:59-07:00,0,12
index.js,4,js,5343de29,Terence Zhang,2025-10-25,18:59:59,-07:00,2025-10-25T18:59:59-07:00,1,54
index.js,5,js,5343de29,Terence Zhang,2025-10-25,18:59:59,-07:00,2025-10-25T18:59:59-07:00,1,73
index.js,6,js,5343de29,Terence Zhang,2025-10-25,18:59:59,-07:00,2025-10-25T18:59:59-07:00,1,60
index.js,7,js,5343de29,Terence Zhang,2025-10-25,18:59:59,-07:00,2025-10-25T18:59:59-07:00,1,22
index.js,8,js,5343de29,Terence Zhang,2025-10-25,18:59:59,-07:00,2025-10-25T18:59:59-07:00,2,54
index.js,9,js,5343de29,Terence Zhang,2025-10-25,18:59:59,-07:00,2025-10-25T18:59:59-07:00,1,0
index.js,10,js,5343de29,Terence Zhang,2025-10-25,18:59:59,-07:00,2025-10-25T18:59:59-07:00,0,0
index.js,11,js,5343de29,Terence Zhang,2025-10-25,18:59:59,-07:00,2025-10-25T18:59:59-07:00,1,34
index.js,12,js,5343de29,Terence Zhang,2025-10-25,18:59:59,-07:00,2025-10-25T18:59:59-07:00,1,52
index.js,13,js,5343de29,Terence Zhang,2025-10-25,18:59:59,-07:00,2025-10-25T18:59:59-07:00,1,60
index.js,14,js,5343de29,Terence Zhang,2025-10-25,18:59:59,-07:00,2025-10-25T18:59:59-07:00,1,31
index.js,15,js,5343de29,Terence Zhang,2025-10-25,18:59:59,-07:00,2025-10-25T18:59:59-07:00,2,24
index.js,16,js,5343de29,Terence Zhang,2025-10-25,18:59:59,-07:00,2025-10-25T18:59:59-07:00,3,19
index.js,17,js,5343de29,Terence Zhang,2025-10-25,18:59:59,-07:00,2025-10-25T18:59:59-07:00,3,21
index.js,18,js,5343de29,Terence Zhang,2025-10-25,18:59:59,-07:00,2025-10-25T18:59:59-07:00,4,59
index.js,19,js,5343de29,Terence Zhang,2025-10-25,18:59:59,-07:00,2025-10-25T18:59:59-07:00,4,59
index.js,20,js,5343de29,Terence Zhang,2025-10-25,18:59:59,-07:00,2025-10-25T18:59:59-07:00,4,53
index.js,21,js,5343de29,Terence Zhang,2025-10-25,18:59:59,-07:00,2025-10-25T18:59:59-07:00,4,53
index.js,22,js,5343de29,Terence Zhang,2025-10-25,18:59:59,-07:00,2025-10-25T18:59:59-07:00,3,3
index.js,23,js,5343de29,Terence Zhang,2025-10-25,18:59:59,-07:00,2025-10-25T18:59:59-07:00,2,0
index.js,24,js,5343de29,Terence Zhang,2025-10-25,18:59:59,-07:00,2025-10-25T18:59:59-07:00,1,0
index.js,25,js,5343de29,Terence Zhang,2025-10-25,18:59:59,-07:00,2025-10-25T18:59:59-07:00,0,3
index.html,1,html,262bec9,Terence Zhang,2025-10-03,01:21:11,-07:00,2025-10-03T01:21:11-07:00,0,13
index.html,2,html,262bec9,Terence Zhang,2025-10-03,01:21:11,-07:00,2025-10-03T01:21:11-07:00,0,14
index.html,3,html,262bec9,Terence Zhang,2025-10-03,01:21:11,-07:00,2025-10-03T01:21:11-07:00,0,4
index.html,4,html,262bec9,Terence Zhang,2025-10-03,01:21:11,-07:00,2025-10-03T01:21:11-07:00,2,20
index.html,5,html,262bec9,Terence Zhang,2025-10-03,01:21:11,-07:00,2025-10-03T01:21:11-07:00,2,68
index.html,6,html,262bec9,Terence Zhang,2025-10-03,01:21:11,-07:00,2025-10-03T01:21:11-07:00,2,55
index.html,7,html,f9a888f0,Terence Zhang,2025-10-03,01:51:45,-07:00,2025-10-03T01:51:45-07:00,2,38
index.html,8,html,7e91df09,Terence Zhang,2025-10-17,23:12:20,-07:00,2025-10-17T23:12:20-07:00,2,45
index.html,9,html,5343de29,Terence Zhang,2025-10-25,18:59:59,-07:00,2025-10-25T18:59:59-07:00,2,50
index.html,10,html,7e91df09,Terence Zhang,2025-10-17,23:12:20,-07:00,2025-10-17T23:12:20-07:00,0,0
index.html,11,html,262bec9,Terence Zhang,2025-10-03,01:21:11,-07:00,2025-10-03T01:21:11-07:00,0,5
index.html,12,html,262bec9,Terence Zhang,2025-10-03,01:21:11,-07:00,2025-10-03T01:21:11-07:00,0,4
index.html,13,html,0cf4878a,Terence Zhang,2025-10-10,15:23:26,-07:00,2025-10-10T15:23:26-07:00,2,20
index.html,14,html,0cf4878a,Terence Zhang,2025-10-10,15:23:26,-07:00,2025-10-10T15:23:26-07:00,0,0
index.html,15,html,7819305e,Terence Zhang,2025-11-06,17:28:41,-08:00,2025-11-06T17:28:41-08:00,2,124
index.html,16,html,f9a888f0,Terence Zhang,2025-10-03,01:51:45,-07:00,2025-10-03T01:51:45-07:00,2,49
index.html,17,html,f9a888f0,Terence Zhang,2025-10-03,01:51:45,-07:00,2025-10-03T01:51:45-07:00,2,62
index.html,18,html,f9a888f0,Terence Zhang,2025-10-03,01:51:45,-07:00,2025-10-03T01:51:45-07:00,2,0
index.html,19,html,5343de29,Terence Zhang,2025-10-25,18:59:59,-07:00,2025-10-25T18:59:59-07:00,2,0
index.html,20,html,b0f9cb7d,Terence Zhang,2025-10-31,20:10:28,-07:00,2025-10-31T20:10:28-07:00,2,22
index.html,21,html,b0f9cb7d,Terence Zhang,2025-10-31,20:10:28,-07:00,2025-10-31T20:10:28-07:00,2,0
index.html,22,html,b0f9cb7d,Terence Zhang,2025-10-31,20:10:28,-07:00,2025-10-31T20:10:28-07:00,2,0
index.html,23,html,b0f9cb7d,Terence Zhang,2025-10-31,20:10:28,-07:00,2025-10-31T20:10:28-07:00,0,0
index.html,24,html,5343de29,Terence Zhang,2025-10-25,18:59:59,-07:00,2025-10-25T18:59:59-07:00,2,26
index.html,25,html,5343de29,Terence Zhang,2025-10-25,18:59:59,-07:00,2025-10-25T18:59:59-07:00,0,0
index.html,26,html,b0f9cb7d,Terence Zhang,2025-10-31,20:10:28,-07:00,2025-10-31T20:10:28-07:00,2,0
index.html,27,html,b0f9cb7d,Terence Zhang,2025-10-31,20:10:28,-07:00,2025-10-31T20:10:28-07:00,0,0
index.html,28,html,5343de29,Terence Zhang,2025-10-25,18:59:59,-07:00,2025-10-25T18:59:59-07:00,2,28
index.html,29,html,5343de29,Terence Zhang,2025-10-25,18:59:59,-07:00,2025-10-25T18:59:59-07:00,0,0
index.html,30,html,5343de29,Terence Zhang,2025-10-25,18:59:59,-07:00,2025-10-25T18:59:59-07:00,2,47
index.html,31,html,5343de29,Terence Zhang,2025-10-25,18:59:59,-07:00,2025-10-25T18:59:59-07:00,2,52
index.html,32,html,5343de29,Terence Zhang,2025-10-25,18:59:59,-07:00,2025-10-25T18:59:59-07:00,0,0
index.html,33,html,262bec9,Terence Zhang,2025-10-03,01:21:11,-07:00,2025-10-03T01:21:11-07:00,0,5
index.html,34,html,262bec9,Terence Zhang,2025-10-03,01:21:11,-07:00,2025-10-03T01:21:11-07:00,0,5
global.js,1,js,7e91df09,Terence Zhang,2025-10-17,23:12:20,-07:00,2025-10-17T23:12:20-07:00,0,25
global.js,2,js,7e91df09,Terence Zhang,2025-10-17,23:12:20,-07:00,2025-10-17T23:12:20-07:00,0,0
global.js,3,js,7e91df09,Terence Zhang,2025-10-17,23:12:20,-07:00,2025-10-17T23:12:20-07:00,0,41
global.js,4,js,7e91df09,Terence Zhang,2025-10-17,23:12:20,-07:00,2025-10-17T23:12:20-07:00,1,52
global.js,5,js,7e91df09,Terence Zhang,2025-10-17,23:12:20,-07:00,2025-10-17T23:12:20-07:00,0,0
global.js,6,js,7e91df09,Terence Zhang,2025-10-17,23:12:20,-07:00,2025-10-17T23:12:20-07:00,0,0
global.js,7,js,7e91df09,Terence Zhang,2025-10-17,23:12:20,-07:00,2025-10-17T23:12:20-07:00,0,30
global.js,8,js,7e91df09,Terence Zhang,2025-10-17,23:12:20,-07:00,2025-10-17T23:12:20-07:00,0,0
global.js,9,js,7e91df09,Terence Zhang,2025-10-17,23:12:20,-07:00,2025-10-17T23:12:20-07:00,0,33
global.js,10,js,7e91df09,Terence Zhang,2025-10-17,23:12:20,-07:00,2025-10-17T23:12:20-07:00,0,71
global.js,11,js,7e91df09,Terence Zhang,2025-10-17,23:12:20,-07:00,2025-10-17T23:12:20-07:00,0,3
global.js,12,js,7e91df09,Terence Zhang,2025-10-17,23:12:20,-07:00,2025-10-17T23:12:20-07:00,0,39
global.js,13,js,7e91df09,Terence Zhang,2025-10-17,23:12:20,-07:00,2025-10-17T23:12:20-07:00,0,0
global.js,14,js,7e91df09,Terence Zhang,2025-10-17,23:12:20,-07:00,2025-10-17T23:12:20-07:00,0,11
global.js,15,js,7e91df09,Terence Zhang,2025-10-17,23:12:20,-07:00,2025-10-17T23:12:20-07:00,1,25
global.js,16,js,7e91df09,Terence Zhang,2025-10-17,23:12:20,-07:00,2025-10-17T23:12:20-07:00,1,38
global.js,17,js,7e91df09,Terence Zhang,2025-10-17,23:12:20,-07:00,2025-10-17T23:12:20-07:00,1,39
global.js,18,js,7e91df09,Terence Zhang,2025-10-17,23:12:20,-07:00,2025-10-17T23:12:20-07:00,1,38
global.js,19,js,00000000,Not Committed Yet,2025-11-07,20:22:18,-08:00,2025-11-07T20:22:18-08:00,1,30
global.js,20,js,7e91df09,Terence Zhang,2025-10-17,23:12:20,-07:00,2025-10-17T23:12:20-07:00,0,0
global.js,21,js,7e91df09,Terence Zhang,2025-10-17,23:12:20,-07:00,2025-10-17T23:12:20-07:00,0,0
global.js,22,js,7e91df09,Terence Zhang,2025-10-17,23:12:20,-07:00,2025-10-17T23:12:20-07:00,0,38
global.js,23,js,7e91df09,Terence Zhang,2025-10-17,23:12:20,-07:00,2025-10-17T23:12:20-07:00,0,25
global.js,24,js,7e91df09,Terence Zhang,2025-10-17,23:12:20,-07:00,2025-10-17T23:12:20-07:00,0,0
global.js,25,js,7e91df09,Terence Zhang,2025-10-17,23:12:20,-07:00,2025-10-17T23:12:20-07:00,0,15
global.js,26,js,7e91df09,Terence Zhang,2025-10-17,23:12:20,-07:00,2025-10-17T23:12:20-07:00,1,68
global.js,27,js,7e91df09,Terence Zhang,2025-10-17,23:12:20,-07:00,2025-10-17T23:12:20-07:00,2,3
global.js,28,js,7e91df09,Terence Zhang,2025-10-17,23:12:20,-07:00,2025-10-17T23:12:20-07:00,2,14
global.js,29,js,7e91df09,Terence Zhang,2025-10-17,23:12:20,-07:00,2025-10-17T23:12:20-07:00,0,0
global.js,30,js,7e91df09,Terence Zhang,2025-10-17,23:12:20,-07:00,2025-10-17T23:12:20-07:00,0,0
global.js,31,js,7e91df09,Terence Zhang,2025-10-17,23:12:20,-07:00,2025-10-17T23:12:20-07:00,0,20
global.js,32,js,7e91df09,Terence Zhang,2025-10-17,23:12:20,-07:00,2025-10-17T23:12:20-07:00,1,14
global.js,33,js,7e91df09,Terence Zhang,2025-10-17,23:12:20,-07:00,2025-10-17T23:12:20-07:00,1,18
global.js,34,js,7e91df09,Terence Zhang,2025-10-17,23:12:20,-07:00,2025-10-17T23:12:20-07:00,1,52
global.js,35,js,7e91df09,Terence Zhang,2025-10-17,23:12:20,-07:00,2025-10-17T23:12:20-07:00,0,0
global.js,36,js,7e91df09,Terence Zhang,2025-10-17,23:12:20,-07:00,2025-10-17T23:12:20-07:00,1,34
global.js,37,js,7e91df09,Terence Zhang,2025-10-17,23:12:20,-07:00,2025-10-17T23:12:20-07:00,1,11
global.js,38,js,7e91df09,Terence Zhang,2025-10-17,23:12:20,-07:00,2025-10-17T23:12:20-07:00,1,20
global.js,39,js,7e91df09,Terence Zhang,2025-10-17,23:12:20,-07:00,2025-10-17T23:12:20-07:00,1,11
global.js,40,js,7e91df09,Terence Zhang,2025-10-17,23:12:20,-07:00,2025-10-17T23:12:20-07:00,1,65
global.js,41,js,7e91df09,Terence Zhang,2025-10-17,23:12:20,-07:00,2025-10-17T23:12:20-07:00,2,25
global.js,42,js,7e91df09,Terence Zhang,2025-10-17,23:12:20,-07:00,2025-10-17T23:12:20-07:00,1,0
global.js,43,js,7e91df09,Terence Zhang,2025-10-17,23:12:20,-07:00,2025-10-17T23:12:20-07:00,0,0
global.js,44,js,7e91df09,Terence Zhang,2025-10-17,23:12:20,-07:00,2025-10-17T23:12:20-07:00,0,0
global.js,45,js,7e91df09,Terence Zhang,2025-10-17,23:12:20,-07:00,2025-10-17T23:12:20-07:00,0,31
global.js,46,js,7e91df09,Terence Zhang,2025-10-17,23:12:20,-07:00,2025-10-17T23:12:20-07:00,1,11
global.js,47,js,7e91df09,Terence Zhang,2025-10-17,23:12:20,-07:00,2025-10-17T23:12:20-07:00,1,0
global.js,48,js,7e91df09,Terence Zhang,2025-10-17,23:12:20,-07:00,2025-10-17T23:12:20-07:00,0,26
global.js,49,js,7e91df09,Terence Zhang,2025-10-17,23:12:20,-07:00,2025-10-17T23:12:20-07:00,3,4
global.js,50,js,7e91df09,Terence Zhang,2025-10-17,23:12:20,-07:00,2025-10-17T23:12:20-07:00,3,6
global.js,51,js,7e91df09,Terence Zhang,2025-10-17,23:12:20,-07:00,2025-10-17T23:12:20-07:00,4,43
global.js,52,js,7e91df09,Terence Zhang,2025-10-17,23:12:20,-07:00,2025-10-17T23:12:20-07:00,4,34
global.js,53,js,7e91df09,Terence Zhang,2025-10-17,23:12:20,-07:00,2025-10-17T23:12:20-07:00,4,32
global.js,54,js,7e91df09,Terence Zhang,2025-10-17,23:12:20,-07:00,2025-10-17T23:12:20-07:00,3,7
global.js,55,js,7e91df09,Terence Zhang,2025-10-17,23:12:20,-07:00,2025-10-17T23:12:20-07:00,2,8
global.js,56,js,7e91df09,Terence Zhang,2025-10-17,23:12:20,-07:00,2025-10-17T23:12:20-07:00,0,0
global.js,57,js,7e91df09,Terence Zhang,2025-10-17,23:12:20,-07:00,2025-10-17T23:12:20-07:00,0,0
global.js,58,js,7e91df09,Terence Zhang,2025-10-17,23:12:20,-07:00,2025-10-17T23:12:20-07:00,0,58
global.js,59,js,7e91df09,Terence Zhang,2025-10-17,23:12:20,-07:00,2025-10-17T23:12:20-07:00,0,34
global.js,60,js,7e91df09,Terence Zhang,2025-10-17,23:12:20,-07:00,2025-10-17T23:12:20-07:00,1,83
global.js,61,js,7e91df09,Terence Zhang,2025-10-17,23:12:20,-07:00,2025-10-17T23:12:20-07:00,1,38
global.js,62,js,7e91df09,Terence Zhang,2025-10-17,23:12:20,-07:00,2025-10-17T23:12:20-07:00,0,0
global.js,63,js,7e91df09,Terence Zhang,2025-10-17,23:12:20,-07:00,2025-10-17T23:12:20-07:00,0,49
global.js,64,js,7e91df09,Terence Zhang,2025-10-17,23:12:20,-07:00,2025-10-17T23:12:20-07:00,1,57
global.js,65,js,7e91df09,Terence Zhang,2025-10-17,23:12:20,-07:00,2025-10-17T23:12:20-07:00,1,77
global.js,66,js,7e91df09,Terence Zhang,2025-10-17,23:12:20,-07:00,2025-10-17T23:12:20-07:00,1,44
global.js,67,js,7e91df09,Terence Zhang,2025-10-17,23:12:20,-07:00,2025-10-17T23:12:20-07:00,0,0
global.js,68,js,7e91df09,Terence Zhang,2025-10-17,23:12:20,-07:00,2025-10-17T23:12:20-07:00,0,1
global.js,69,js,7e91df09,Terence Zhang,2025-10-17,23:12:20,-07:00,2025-10-17T23:12:20-07:00,0,0
global.js,70,js,7e91df09,Terence Zhang,2025-10-17,23:12:20,-07:00,2025-10-17T23:12:20-07:00,0,0
global.js,71,js,7e91df09,Terence Zhang,2025-10-17,23:12:20,-07:00,2025-10-17T23:12:20-07:00,0,40
global.js,72,js,7e91df09,Terence Zhang,2025-10-17,23:12:20,-07:00,2025-10-17T23:12:20-07:00,0,0
global.js,73,js,7e91df09,Terence Zhang,2025-10-17,23:12:20,-07:00,2025-10-17T23:12:20-07:00,0,43
global.js,74,js,7e91df09,Terence Zhang,2025-10-17,23:12:20,-07:00,2025-10-17T23:12:20-07:00,1,21
global.js,75,js,7e91df09,Terence Zhang,2025-10-17,23:12:20,-07:00,2025-10-17T23:12:20-07:00,0,0
global.js,76,js,7e91df09,Terence Zhang,2025-10-17,23:12:20,-07:00,2025-10-17T23:12:20-07:00,1,28
global.js,77,js,7e91df09,Terence Zhang,2025-10-17,23:12:20,-07:00,2025-10-17T23:12:20-07:00,1,26
global.js,78,js,7e91df09,Terence Zhang,2025-10-17,23:12:20,-07:00,2025-10-17T23:12:20-07:00,1,14
global.js,79,js,7e91df09,Terence Zhang,2025-10-17,23:12:20,-07:00,2025-10-17T23:12:20-07:00,0,0
global.js,80,js,7e91df09,Terence Zhang,2025-10-17,23:12:20,-07:00,2025-10-17T23:12:20-07:00,1,31
global.js,81,js,7e91df09,Terence Zhang,2025-10-17,23:12:20,-07:00,2025-10-17T23:12:20-07:00,2,50
global.js,82,js,7e91df09,Terence Zhang,2025-10-17,23:12:20,-07:00,2025-10-17T23:12:20-07:00,1,0
global.js,83,js,7e91df09,Terence Zhang,2025-10-17,23:12:20,-07:00,2025-10-17T23:12:20-07:00,0,0
global.js,84,js,7e91df09,Terence Zhang,2025-10-17,23:12:20,-07:00,2025-10-17T23:12:20-07:00,1,22
global.js,85,js,7e91df09,Terence Zhang,2025-10-17,23:12:20,-07:00,2025-10-17T23:12:20-07:00,1,18
global.js,86,js,5343de29,Terence Zhang,2025-10-25,18:59:59,-07:00,2025-10-25T18:59:59-07:00,0,1
global.js,87,js,5343de29,Terence Zhang,2025-10-25,18:59:59,-07:00,2025-10-25T18:59:59-07:00,0,0
global.js,88,js,5343de29,Terence Zhang,2025-10-25,18:59:59,-07:00,2025-10-25T18:59:59-07:00,0,0
global.js,89,js,5343de29,Terence Zhang,2025-10-25,18:59:59,-07:00,2025-10-25T18:59:59-07:00,0,0
global.js,90,js,5343de29,Terence Zhang,2025-10-25,18:59:59,-07:00,2025-10-25T18:59:59-07:00,0,36
global.js,91,js,5343de29,Terence Zhang,2025-10-25,18:59:59,-07:00,2025-10-25T18:59:59-07:00,1,3
global.js,92,js,5343de29,Terence Zhang,2025-10-25,18:59:59,-07:00,2025-10-25T18:59:59-07:00,2,39
global.js,93,js,5343de29,Terence Zhang,2025-10-25,18:59:59,-07:00,2025-10-25T18:59:59-07:00,2,32
global.js,94,js,5343de29,Terence Zhang,2025-10-25,18:59:59,-07:00,2025-10-25T18:59:59-07:00,0,0
global.js,95,js,5343de29,Terence Zhang,2025-10-25,18:59:59,-07:00,2025-10-25T18:59:59-07:00,2,17
global.js,96,js,5343de29,Terence Zhang,2025-10-25,18:59:59,-07:00,2025-10-25T18:59:59-07:00,3,66
global.js,97,js,5343de29,Terence Zhang,2025-10-25,18:59:59,-07:00,2025-10-25T18:59:59-07:00,2,0
global.js,98,js,5343de29,Terence Zhang,2025-10-25,18:59:59,-07:00,2025-10-25T18:59:59-07:00,0,0
global.js,99,js,5343de29,Terence Zhang,2025-10-25,18:59:59,-07:00,2025-10-25T18:59:59-07:00,2,33
global.js,100,js,5343de29,Terence Zhang,2025-10-25,18:59:59,-07:00,2025-10-25T18:59:59-07:00,2,10
global.js,101,js,5343de29,Terence Zhang,2025-10-25,18:59:59,-07:00,2025-10-25T18:59:59-07:00,0,0
global.js,102,js,5343de29,Terence Zhang,2025-10-25,18:59:59,-07:00,2025-10-25T18:59:59-07:00,1,15
global.js,103,js,5343de29,Terence Zhang,2025-10-25,18:59:59,-07:00,2025-10-25T18:59:59-07:00,2,59
global.js,104,js,5343de29,Terence Zhang,2025-10-25,18:59:59,-07:00,2025-10-25T18:59:59-07:00,1,0
global.js,105,js,5343de29,Terence Zhang,2025-10-25,18:59:59,-07:00,2025-10-25T18:59:59-07:00,0,0
global.js,106,js,5343de29,Terence Zhang,2025-10-25,18:59:59,-07:00,2025-10-25T18:59:59-07:00,0,0
global.js,107,js,5343de29,Terence Zhang,2025-10-25,18:59:59,-07:00,2025-10-25T18:59:59-07:00,0,79
global.js,108,js,5343de29,Terence Zhang,2025-10-25,18:59:59,-07:00,2025-10-25T18:59:59-07:00,1,49
global.js,109,js,5343de29,Terence Zhang,2025-10-25,18:59:59,-07:00,2025-10-25T18:59:59-07:00,1,53
global.js,110,js,5343de29,Terence Zhang,2025-10-25,18:59:59,-07:00,2025-10-25T18:59:59-07:00,1,100
global.js,111,js,5343de29,Terence Zhang,2025-10-25,18:59:59,-07:00,2025-10-25T18:59:59-07:00,1,77
global.js,112,js,5343de29,Terence Zhang,2025-10-25,18:59:59,-07:00,2025-10-25T18:59:59-07:00,1,30
global.js,113,js,5343de29,Terence Zhang,2025-10-25,18:59:59,-07:00,2025-10-25T18:59:59-07:00,1,22
global.js,114,js,5343de29,Terence Zhang,2025-10-25,18:59:59,-07:00,2025-10-25T18:59:59-07:00,2,36
global.js,115,js,5343de29,Terence Zhang,2025-10-25,18:59:59,-07:00,2025-10-25T18:59:59-07:00,2,29
global.js,116,js,5343de29,Terence Zhang,2025-10-25,18:59:59,-07:00,2025-10-25T18:59:59-07:00,2,40
global.js,117,js,5343de29,Terence Zhang,2025-10-25,18:59:59,-07:00,2025-10-25T18:59:59-07:00,2,30
global.js,118,js,5343de29,Terence Zhang,2025-10-25,18:59:59,-07:00,2025-10-25T18:59:59-07:00,2,5
global.js,119,js,5343de29,Terence Zhang,2025-10-25,18:59:59,-07:00,2025-10-25T18:59:59-07:00,1,0
global.js,120,js,5343de29,Terence Zhang,2025-10-25,18:59:59,-07:00,2025-10-25T18:59:59-07:00,1,24
global.js,121,js,5343de29,Terence Zhang,2025-10-25,18:59:59,-07:00,2025-10-25T18:59:59-07:00,2,46
global.js,122,js,5343de29,Terence Zhang,2025-10-25,18:59:59,-07:00,2025-10-25T18:59:59-07:00,2,31
global.js,123,js,5343de29,Terence Zhang,2025-10-25,18:59:59,-07:00,2025-10-25T18:59:59-07:00,2,35
global.js,124,js,b0f9cb7d,Terence Zhang,2025-10-31,20:10:28,-07:00,2025-10-31T20:10:28-07:00,2,28
global.js,125,js,5343de29,Terence Zhang,2025-10-25,18:59:59,-07:00,2025-10-25T18:59:59-07:00,2,48
global.js,126,js,5343de29,Terence Zhang,2025-10-25,18:59:59,-07:00,2025-10-25T18:59:59-07:00,2,42
global.js,127,js,5343de29,Terence Zhang,2025-10-25,18:59:59,-07:00,2025-10-25T18:59:59-07:00,2,26
global.js,128,js,5343de29,Terence Zhang,2025-10-25,18:59:59,-07:00,2025-10-25T18:59:59-07:00,2,27
global.js,129,js,5343de29,Terence Zhang,2025-10-25,18:59:59,-07:00,2025-10-25T18:59:59-07:00,2,11
global.js,130,js,5343de29,Terence Zhang,2025-10-25,18:59:59,-07:00,2025-10-25T18:59:59-07:00,3,40
global.js,131,js,5343de29,Terence Zhang,2025-10-25,18:59:59,-07:00,2025-10-25T18:59:59-07:00,3,15
global.js,132,js,5343de29,Terence Zhang,2025-10-25,18:59:59,-07:00,2025-10-25T18:59:59-07:00,3,33
global.js,133,js,5343de29,Terence Zhang,2025-10-25,18:59:59,-07:00,2025-10-25T18:59:59-07:00,3,23
global.js,134,js,5343de29,Terence Zhang,2025-10-25,18:59:59,-07:00,2025-10-25T18:59:59-07:00,2,0
global.js,135,js,b0f9cb7d,Terence Zhang,2025-10-31,20:10:28,-07:00,2025-10-31T20:10:28-07:00,2,0
global.js,136,js,5343de29,Terence Zhang,2025-10-25,18:59:59,-07:00,2025-10-25T18:59:59-07:00,2,36
global.js,137,js,5343de29,Terence Zhang,2025-10-25,18:59:59,-07:00,2025-10-25T18:59:59-07:00,2,19
global.js,138,js,b0f9cb7d,Terence Zhang,2025-10-31,20:10:28,-07:00,2025-10-31T20:10:28-07:00,2,44
global.js,139,js,b0f9cb7d,Terence Zhang,2025-10-31,20:10:28,-07:00,2025-10-31T20:10:28-07:00,2,21
global.js,140,js,b0f9cb7d,Terence Zhang,2025-10-31,20:10:28,-07:00,2025-10-31T20:10:28-07:00,0,0
global.js,141,js,b0f9cb7d,Terence Zhang,2025-10-31,20:10:28,-07:00,2025-10-31T20:10:28-07:00,2,36
global.js,142,js,b0f9cb7d,Terence Zhang,2025-10-31,20:10:28,-07:00,2025-10-31T20:10:28-07:00,2,28
global.js,143,js,b0f9cb7d,Terence Zhang,2025-10-31,20:10:28,-07:00,2025-10-31T20:10:28-07:00,2,30
global.js,144,js,b0f9cb7d,Terence Zhang,2025-10-31,20:10:28,-07:00,2025-10-31T20:10:28-07:00,2,21
global.js,145,js,b0f9cb7d,Terence Zhang,2025-10-31,20:10:28,-07:00,2025-10-31T20:10:28-07:00,2,27
global.js,146,js,b0f9cb7d,Terence Zhang,2025-10-31,20:10:28,-07:00,2025-10-31T20:10:28-07:00,0,0
global.js,147,js,5343de29,Terence Zhang,2025-10-25,18:59:59,-07:00,2025-10-25T18:59:59-07:00,2,36
global.js,148,js,5343de29,Terence Zhang,2025-10-25,18:59:59,-07:00,2025-10-25T18:59:59-07:00,1,0
global.js,149,js,5343de29,Terence Zhang,2025-10-25,18:59:59,-07:00,2025-10-25T18:59:59-07:00,0,0
global.js,150,js,5343de29,Terence Zhang,2025-10-25,18:59:59,-07:00,2025-10-25T18:59:59-07:00,0,0
global.js,151,js,5343de29,Terence Zhang,2025-10-25,18:59:59,-07:00,2025-10-25T18:59:59-07:00,0,47
global.js,152,js,5343de29,Terence Zhang,2025-10-25,18:59:59,-07:00,2025-10-25T18:59:59-07:00,1,25
global.js,153,js,5343de29,Terence Zhang,2025-10-25,18:59:59,-07:00,2025-10-25T18:59:59-07:00,1,79
global.js,154,js,5343de29,Terence Zhang,2025-10-25,18:59:59,-07:00,2025-10-25T18:59:59-07:00,0,0
projects\projects.js,1,js,5343de29,Terence Zhang,2025-10-25,18:59:59,-07:00,2025-10-25T18:59:59-07:00,0,55
projects\projects.js,2,js,5343de29,Terence Zhang,2025-10-25,18:59:59,-07:00,2025-10-25T18:59:59-07:00,0,0
projects\projects.js,3,js,5343de29,Terence Zhang,2025-10-25,18:59:59,-07:00,2025-10-25T18:59:59-07:00,0,12
projects\projects.js,4,js,5343de29,Terence Zhang,2025-10-25,18:59:59,-07:00,2025-10-25T18:59:59-07:00,1,55
projects\projects.js,5,js,5343de29,Terence Zhang,2025-10-25,18:59:59,-07:00,2025-10-25T18:59:59-07:00,0,0
projects\projects.js,6,js,5343de29,Terence Zhang,2025-10-25,18:59:59,-07:00,2025-10-25T18:59:59-07:00,1,60
projects\projects.js,7,js,5343de29,Terence Zhang,2025-10-25,18:59:59,-07:00,2025-10-25T18:59:59-07:00,0,0
projects\projects.js,8,js,5343de29,Terence Zhang,2025-10-25,18:59:59,-07:00,2025-10-25T18:59:59-07:00,1,23
projects\projects.js,9,js,5343de29,Terence Zhang,2025-10-25,18:59:59,-07:00,2025-10-25T18:59:59-07:00,2,70
projects\projects.js,10,js,5343de29,Terence Zhang,2025-10-25,18:59:59,-07:00,2025-10-25T18:59:59-07:00,2,5
projects\projects.js,11,js,5343de29,Terence Zhang,2025-10-25,18:59:59,-07:00,2025-10-25T18:59:59-07:00,1,0
projects\projects.js,12,js,5343de29,Terence Zhang,2025-10-25,18:59:59,-07:00,2025-10-25T18:59:59-07:00,0,0
projects\projects.js,13,js,5343de29,Terence Zhang,2025-10-25,18:59:59,-07:00,2025-10-25T18:59:59-07:00,1,48
projects\projects.js,14,js,5343de29,Terence Zhang,2025-10-25,18:59:59,-07:00,2025-10-25T18:59:59-07:00,0,0
projects\projects.js,15,js,5343de29,Terence Zhang,2025-10-25,18:59:59,-07:00,2025-10-25T18:59:59-07:00,1,61
projects\projects.js,16,js,5343de29,Terence Zhang,2025-10-25,18:59:59,-07:00,2025-10-25T18:59:59-07:00,1,17
projects\projects.js,17,js,5343de29,Terence Zhang,2025-10-25,18:59:59,-07:00,2025-10-25T18:59:59-07:00,2,58
projects\projects.js,18,js,5343de29,Terence Zhang,2025-10-25,18:59:59,-07:00,2025-10-25T18:59:59-07:00,2,50
projects\projects.js,19,js,5343de29,Terence Zhang,2025-10-25,18:59:59,-07:00,2025-10-25T18:59:59-07:00,1,0
projects\projects.js,20,js,5343de29,Terence Zhang,2025-10-25,18:59:59,-07:00,2025-10-25T18:59:59-07:00,0,3
projects\projects.js,21,js,5343de29,Terence Zhang,2025-10-25,18:59:59,-07:00,2025-10-25T18:59:59-07:00,0,0
projects\projects.js,22,js,b0f9cb7d,Terence Zhang,2025-10-31,20:10:28,-07:00,2025-10-31T20:10:28-07:00,0,0
projects\projects.js,23,js,b0f9cb7d,Terence Zhang,2025-10-31,20:10:28,-07:00,2025-10-31T20:10:28-07:00,0,63
projects\projects.js,24,js,b0f9cb7d,Terence Zhang,2025-10-31,20:10:28,-07:00,2025-10-31T20:10:28-07:00,0,0
projects\projects.js,25,js,b0f9cb7d,Terence Zhang,2025-10-31,20:10:28,-07:00,2025-10-31T20:10:28-07:00,0,42
projects\projects.js,26,js,b0f9cb7d,Terence Zhang,2025-10-31,20:10:28,-07:00,2025-10-31T20:10:28-07:00,0,34
projects\projects.js,27,js,b0f9cb7d,Terence Zhang,2025-10-31,20:10:28,-07:00,2025-10-31T20:10:28-07:00,0,59
projects\projects.js,28,js,b0f9cb7d,Terence Zhang,2025-10-31,20:10:28,-07:00,2025-10-31T20:10:28-07:00,0,50
projects\projects.js,29,js,b0f9cb7d,Terence Zhang,2025-10-31,20:10:28,-07:00,2025-10-31T20:10:28-07:00,0,48
projects\projects.js,30,js,b0f9cb7d,Terence Zhang,2025-10-31,20:10:28,-07:00,2025-10-31T20:10:28-07:00,0,0
projects\projects.js,31,js,b0f9cb7d,Terence Zhang,2025-10-31,20:10:28,-07:00,2025-10-31T20:10:28-07:00,0,60
projects\projects.js,32,js,b0f9cb7d,Terence Zhang,2025-10-31,20:10:28,-07:00,2025-10-31T20:10:28-07:00,0,61
projects\projects.js,33,js,b0f9cb7d,Terence Zhang,2025-10-31,20:10:28,-07:00,2025-10-31T20:10:28-07:00,0,55
projects\projects.js,34,js,b0f9cb7d,Terence Zhang,2025-10-31,20:10:28,-07:00,2025-10-31T20:10:28-07:00,0,0
projects\projects.js,35,js,b0f9cb7d,Terence Zhang,2025-10-31,20:10:28,-07:00,2025-10-31T20:10:28-07:00,0,19
projects\projects.js,36,js,b0f9cb7d,Terence Zhang,2025-10-31,20:10:28,-07:00,2025-10-31T20:10:28-07:00,0,13
projects\projects.js,37,js,b0f9cb7d,Terence Zhang,2025-10-31,20:10:28,-07:00,2025-10-31T20:10:28-07:00,0,22
projects\projects.js,38,js,b0f9cb7d,Terence Zhang,2025-10-31,20:10:28,-07:00,2025-10-31T20:10:28-07:00,0,0
projects\projects.js,39,js,b0f9cb7d,Terence Zhang,2025-10-31,20:10:28,-07:00,2025-10-31T20:10:28-07:00,0,29
projects\projects.js,40,js,b0f9cb7d,Terence Zhang,2025-10-31,20:10:28,-07:00,2025-10-31T20:10:28-07:00,1,66
projects\projects.js,41,js,b0f9cb7d,Terence Zhang,2025-10-31,20:10:28,-07:00,2025-10-31T20:10:28-07:00,1,68
projects\projects.js,42,js,b0f9cb7d,Terence Zhang,2025-10-31,20:10:28,-07:00,2025-10-31T20:10:28-07:00,0,0
projects\projects.js,43,js,b0f9cb7d,Terence Zhang,2025-10-31,20:10:28,-07:00,2025-10-31T20:10:28-07:00,0,0
projects\projects.js,44,js,b0f9cb7d,Terence Zhang,2025-10-31,20:10:28,-07:00,2025-10-31T20:10:28-07:00,0,25
projects\projects.js,45,js,b0f9cb7d,Terence Zhang,2025-10-31,20:10:28,-07:00,2025-10-31T20:10:28-07:00,1,22
projects\projects.js,46,js,b0f9cb7d,Terence Zhang,2025-10-31,20:10:28,-07:00,2025-10-31T20:10:28-07:00,1,28
projects\projects.js,47,js,b0f9cb7d,Terence Zhang,2025-10-31,20:10:28,-07:00,2025-10-31T20:10:28-07:00,1,21
projects\projects.js,48,js,b0f9cb7d,Terence Zhang,2025-10-31,20:10:28,-07:00,2025-10-31T20:10:28-07:00,2,48
projects\projects.js,49,js,b0f9cb7d,Terence Zhang,2025-10-31,20:10:28,-07:00,2025-10-31T20:10:28-07:00,2,51
projects\projects.js,50,js,b0f9cb7d,Terence Zhang,2025-10-31,20:10:28,-07:00,2025-10-31T20:10:28-07:00,1,0
projects\projects.js,51,js,b0f9cb7d,Terence Zhang,2025-10-31,20:10:28,-07:00,2025-10-31T20:10:28-07:00,0,0
projects\projects.js,52,js,b0f9cb7d,Terence Zhang,2025-10-31,20:10:28,-07:00,2025-10-31T20:10:28-07:00,0,0
projects\projects.js,53,js,b0f9cb7d,Terence Zhang,2025-10-31,20:10:28,-07:00,2025-10-31T20:10:28-07:00,0,25
projects\projects.js,54,js,b0f9cb7d,Terence Zhang,2025-10-31,20:10:28,-07:00,2025-10-31T20:10:28-07:00,1,29
projects\projects.js,55,js,b0f9cb7d,Terence Zhang,2025-10-31,20:10:28,-07:00,2025-10-31T20:10:28-07:00,1,63
projects\projects.js,56,js,b0f9cb7d,Terence Zhang,2025-10-31,20:10:28,-07:00,2025-10-31T20:10:28-07:00,0,0
projects\projects.js,57,js,b0f9cb7d,Terence Zhang,2025-10-31,20:10:28,-07:00,2025-10-31T20:10:28-07:00,0,0
projects\projects.js,58,js,b0f9cb7d,Terence Zhang,2025-10-31,20:10:28,-07:00,2025-10-31T20:10:28-07:00,0,25
projects\projects.js,59,js,b0f9cb7d,Terence Zhang,2025-10-31,20:10:28,-07:00,2025-10-31T20:10:28-07:00,1,62
projects\projects.js,60,js,b0f9cb7d,Terence Zhang,2025-10-31,20:10:28,-07:00,2025-10-31T20:10:28-07:00,2,44
projects\projects.js,61,js,b0f9cb7d,Terence Zhang,2025-10-31,20:10:28,-07:00,2025-10-31T20:10:28-07:00,1,0
projects\projects.js,62,js,b0f9cb7d,Terence Zhang,2025-10-31,20:10:28,-07:00,2025-10-31T20:10:28-07:00,1,74
projects\projects.js,63,js,b0f9cb7d,Terence Zhang,2025-10-31,20:10:28,-07:00,2025-10-31T20:10:28-07:00,0,0
projects\projects.js,64,js,b0f9cb7d,Terence Zhang,2025-10-31,20:10:28,-07:00,2025-10-31T20:10:28-07:00,0,0
projects\projects.js,65,js,b0f9cb7d,Terence Zhang,2025-10-31,20:10:28,-07:00,2025-10-31T20:10:28-07:00,0,29
projects\projects.js,66,js,b0f9cb7d,Terence Zhang,2025-10-31,20:10:28,-07:00,2025-10-31T20:10:28-07:00,1,32
projects\projects.js,67,js,b0f9cb7d,Terence Zhang,2025-10-31,20:10:28,-07:00,2025-10-31T20:10:28-07:00,1,26
projects\projects.js,68,js,b0f9cb7d,Terence Zhang,2025-10-31,20:10:28,-07:00,2025-10-31T20:10:28-07:00,1,29
projects\projects.js,69,js,b0f9cb7d,Terence Zhang,2025-10-31,20:10:28,-07:00,2025-10-31T20:10:28-07:00,1,35
projects\projects.js,70,js,b0f9cb7d,Terence Zhang,2025-10-31,20:10:28,-07:00,2025-10-31T20:10:28-07:00,1,74
projects\projects.js,71,js,b0f9cb7d,Terence Zhang,2025-10-31,20:10:28,-07:00,2025-10-31T20:10:28-07:00,0,0
projects\projects.js,72,js,b0f9cb7d,Terence Zhang,2025-10-31,20:10:28,-07:00,2025-10-31T20:10:28-07:00,1,29
projects\projects.js,73,js,b0f9cb7d,Terence Zhang,2025-10-31,20:10:28,-07:00,2025-10-31T20:10:28-07:00,2,16
projects\projects.js,74,js,b0f9cb7d,Terence Zhang,2025-10-31,20:10:28,-07:00,2025-10-31T20:10:28-07:00,3,29
projects\projects.js,75,js,b0f9cb7d,Terence Zhang,2025-10-31,20:10:28,-07:00,2025-10-31T20:10:28-07:00,3,21
projects\projects.js,76,js,b0f9cb7d,Terence Zhang,2025-10-31,20:10:28,-07:00,2025-10-31T20:10:28-07:00,3,35
projects\projects.js,77,js,b0f9cb7d,Terence Zhang,2025-10-31,20:10:28,-07:00,2025-10-31T20:10:28-07:00,3,53
projects\projects.js,78,js,b0f9cb7d,Terence Zhang,2025-10-31,20:10:28,-07:00,2025-10-31T20:10:28-07:00,3,18
projects\projects.js,79,js,b0f9cb7d,Terence Zhang,2025-10-31,20:10:28,-07:00,2025-10-31T20:10:28-07:00,4,45
projects\projects.js,80,js,b0f9cb7d,Terence Zhang,2025-10-31,20:10:28,-07:00,2025-10-31T20:10:28-07:00,4,61
projects\projects.js,81,js,b0f9cb7d,Terence Zhang,2025-10-31,20:10:28,-07:00,2025-10-31T20:10:28-07:00,4,7
projects\projects.js,82,js,b0f9cb7d,Terence Zhang,2025-10-31,20:10:28,-07:00,2025-10-31T20:10:28-07:00,3,1
projects\projects.js,83,js,b0f9cb7d,Terence Zhang,2025-10-31,20:10:28,-07:00,2025-10-31T20:10:28-07:00,1,1
projects\projects.js,84,js,b0f9cb7d,Terence Zhang,2025-10-31,20:10:28,-07:00,2025-10-31T20:10:28-07:00,0,0
projects\projects.js,85,js,b0f9cb7d,Terence Zhang,2025-10-31,20:10:28,-07:00,2025-10-31T20:10:28-07:00,1,22
projects\projects.js,86,js,b0f9cb7d,Terence Zhang,2025-10-31,20:10:28,-07:00,2025-10-31T20:10:28-07:00,2,17
projects\projects.js,87,js,b0f9cb7d,Terence Zhang,2025-10-31,20:10:28,-07:00,2025-10-31T20:10:28-07:00,3,69
projects\projects.js,88,js,b0f9cb7d,Terence Zhang,2025-10-31,20:10:28,-07:00,2025-10-31T20:10:28-07:00,3,35
projects\projects.js,89,js,b0f9cb7d,Terence Zhang,2025-10-31,20:10:28,-07:00,2025-10-31T20:10:28-07:00,3,76
projects\projects.js,90,js,b0f9cb7d,Terence Zhang,2025-10-31,20:10:28,-07:00,2025-10-31T20:10:28-07:00,3,18
projects\projects.js,91,js,b0f9cb7d,Terence Zhang,2025-10-31,20:10:28,-07:00,2025-10-31T20:10:28-07:00,4,50
projects\projects.js,92,js,b0f9cb7d,Terence Zhang,2025-10-31,20:10:28,-07:00,2025-10-31T20:10:28-07:00,4,7
projects\projects.js,93,js,b0f9cb7d,Terence Zhang,2025-10-31,20:10:28,-07:00,2025-10-31T20:10:28-07:00,3,1
projects\projects.js,94,js,b0f9cb7d,Terence Zhang,2025-10-31,20:10:28,-07:00,2025-10-31T20:10:28-07:00,1,1
projects\projects.js,95,js,b0f9cb7d,Terence Zhang,2025-10-31,20:10:28,-07:00,2025-10-31T20:10:28-07:00,0,0
projects\projects.js,96,js,b0f9cb7d,Terence Zhang,2025-10-31,20:10:28,-07:00,2025-10-31T20:10:28-07:00,0,0
projects\projects.js,97,js,b0f9cb7d,Terence Zhang,2025-10-31,20:10:28,-07:00,2025-10-31T20:10:28-07:00,0,17
projects\projects.js,98,js,b0f9cb7d,Terence Zhang,2025-10-31,20:10:28,-07:00,2025-10-31T20:10:28-07:00,1,40
projects\projects.js,99,js,b0f9cb7d,Terence Zhang,2025-10-31,20:10:28,-07:00,2025-10-31T20:10:28-07:00,1,64
projects\projects.js,100,js,b0f9cb7d,Terence Zhang,2025-10-31,20:10:28,-07:00,2025-10-31T20:10:28-07:00,1,80
projects\projects.js,101,js,b0f9cb7d,Terence Zhang,2025-10-31,20:10:28,-07:00,2025-10-31T20:10:28-07:00,1,36
projects\projects.js,102,js,b0f9cb7d,Terence Zhang,2025-10-31,20:10:28,-07:00,2025-10-31T20:10:28-07:00,1,18
projects\projects.js,103,js,b0f9cb7d,Terence Zhang,2025-10-31,20:10:28,-07:00,2025-10-31T20:10:28-07:00,1,24
projects\projects.js,104,js,b0f9cb7d,Terence Zhang,2025-10-31,20:10:28,-07:00,2025-10-31T20:10:28-07:00,0,0
projects\projects.js,105,js,b0f9cb7d,Terence Zhang,2025-10-31,20:10:28,-07:00,2025-10-31T20:10:28-07:00,0,0
projects\projects.js,106,js,b0f9cb7d,Terence Zhang,2025-10-31,20:10:28,-07:00,2025-10-31T20:10:28-07:00,0,12
projects\projects.js,107,js,b0f9cb7d,Terence Zhang,2025-10-31,20:10:28,-07:00,2025-10-31T20:10:28-07:00,1,68
projects\projects.js,108,js,b0f9cb7d,Terence Zhang,2025-10-31,20:10:28,-07:00,2025-10-31T20:10:28-07:00,1,7
projects\projects.js,109,js,b0f9cb7d,Terence Zhang,2025-10-31,20:10:28,-07:00,2025-10-31T20:10:28-07:00,0,3
projects\projects.js,110,js,b0f9cb7d,Terence Zhang,2025-10-31,20:10:28,-07:00,2025-10-31T20:10:28-07:00,0,0
projects\projects.js,111,js,b0f9cb7d,Terence Zhang,2025-10-31,20:10:28,-07:00,2025-10-31T20:10:28-07:00,0,42
projects\projects.js,112,js,b0f9cb7d,Terence Zhang,2025-10-31,20:10:28,-07:00,2025-10-31T20:10:28-07:00,1,21
projects\projects.js,113,js,b0f9cb7d,Terence Zhang,2025-10-31,20:10:28,-07:00,2025-10-31T20:10:28-07:00,1,7
projects\projects.js,114,js,b0f9cb7d,Terence Zhang,2025-10-31,20:10:28,-07:00,2025-10-31T20:10:28-07:00,0,1
projects\index.html,1,html,38dd7c38,Terence Zhang,2025-10-03,18:46:51,-07:00,2025-10-03T18:46:51-07:00,0,13
projects\index.html,2,html,38dd7c38,Terence Zhang,2025-10-03,18:46:51,-07:00,2025-10-03T18:46:51-07:00,0,14
projects\index.html,3,html,38dd7c38,Terence Zhang,2025-10-03,18:46:51,-07:00,2025-10-03T18:46:51-07:00,0,4
projects\index.html,4,html,38dd7c38,Terence Zhang,2025-10-03,18:46:51,-07:00,2025-10-03T18:46:51-07:00,2,20
projects\index.html,5,html,38dd7c38,Terence Zhang,2025-10-03,18:46:51,-07:00,2025-10-03T18:46:51-07:00,2,68
projects\index.html,6,html,38dd7c38,Terence Zhang,2025-10-03,18:46:51,-07:00,2025-10-03T18:46:51-07:00,2,21
projects\index.html,7,html,38dd7c38,Terence Zhang,2025-10-03,18:46:51,-07:00,2025-10-03T18:46:51-07:00,2,41
projects\index.html,8,html,7e91df09,Terence Zhang,2025-10-17,23:12:20,-07:00,2025-10-17T23:12:20-07:00,2,48
projects\index.html,9,html,38dd7c38,Terence Zhang,2025-10-03,18:46:51,-07:00,2025-10-03T18:46:51-07:00,0,0
projects\index.html,10,html,38dd7c38,Terence Zhang,2025-10-03,18:46:51,-07:00,2025-10-03T18:46:51-07:00,0,5
projects\index.html,11,html,38dd7c38,Terence Zhang,2025-10-03,18:46:51,-07:00,2025-10-03T18:46:51-07:00,0,4
projects\index.html,12,html,5343de29,Terence Zhang,2025-10-25,18:59:59,-07:00,2025-10-25T18:59:59-07:00,2,41
projects\index.html,13,html,b0f9cb7d,Terence Zhang,2025-10-31,20:10:28,-07:00,2025-10-31T20:10:28-07:00,2,0
projects\index.html,14,html,b0f9cb7d,Terence Zhang,2025-10-31,20:10:28,-07:00,2025-10-31T20:10:28-07:00,2,25
projects\index.html,15,html,b0f9cb7d,Terence Zhang,2025-10-31,20:10:28,-07:00,2025-10-31T20:10:28-07:00,2,58
projects\index.html,16,html,b0f9cb7d,Terence Zhang,2025-10-31,20:10:28,-07:00,2025-10-31T20:10:28-07:00,2,22
projects\index.html,17,html,b0f9cb7d,Terence Zhang,2025-10-31,20:10:28,-07:00,2025-10-31T20:10:28-07:00,2,4
projects\index.html,18,html,b0f9cb7d,Terence Zhang,2025-10-31,20:10:28,-07:00,2025-10-31T20:10:28-07:00,2,73
projects\index.html,19,html,b0f9cb7d,Terence Zhang,2025-10-31,20:10:28,-07:00,2025-10-31T20:10:28-07:00,2,47
projects\index.html,20,html,b0f9cb7d,Terence Zhang,2025-10-31,20:10:28,-07:00,2025-10-31T20:10:28-07:00,0,0
projects\index.html,21,html,b0f9cb7d,Terence Zhang,2025-10-31,20:10:28,-07:00,2025-10-31T20:10:28-07:00,0,0
projects\index.html,22,html,0cf4878a,Terence Zhang,2025-10-10,15:23:26,-07:00,2025-10-10T15:23:26-07:00,2,20
projects\index.html,23,html,5343de29,Terence Zhang,2025-10-25,18:59:59,-07:00,2025-10-25T18:59:59-07:00,4,48
projects\index.html,24,html,5343de29,Terence Zhang,2025-10-25,18:59:59,-07:00,2025-10-25T18:59:59-07:00,4,47
projects\index.html,25,html,0cf4878a,Terence Zhang,2025-10-10,15:23:26,-07:00,2025-10-10T15:23:26-07:00,2,4
projects\index.html,26,html,0cf4878a,Terence Zhang,2025-10-10,15:23:26,-07:00,2025-10-10T15:23:26-07:00,0,0
projects\index.html,27,html,38dd7c38,Terence Zhang,2025-10-03,18:46:51,-07:00,2025-10-03T18:46:51-07:00,0,5
projects\index.html,28,html,38dd7c38,Terence Zhang,2025-10-03,18:46:51,-07:00,2025-10-03T18:46:51-07:00,0,5
contact\index.html,1,html,38dd7c38,Terence Zhang,2025-10-03,18:46:51,-07:00,2025-10-03T18:46:51-07:00,0,13
contact\index.html,2,html,38dd7c38,Terence Zhang,2025-10-03,18:46:51,-07:00,2025-10-03T18:46:51-07:00,0,14
contact\index.html,3,html,38dd7c38,Terence Zhang,2025-10-03,18:46:51,-07:00,2025-10-03T18:46:51-07:00,0,4
contact\index.html,4,html,38dd7c38,Terence Zhang,2025-10-03,18:46:51,-07:00,2025-10-03T18:46:51-07:00,2,20
contact\index.html,5,html,38dd7c38,Terence Zhang,2025-10-03,18:46:51,-07:00,2025-10-03T18:46:51-07:00,2,68
contact\index.html,6,html,38dd7c38,Terence Zhang,2025-10-03,18:46:51,-07:00,2025-10-03T18:46:51-07:00,2,20
contact\index.html,7,html,38dd7c38,Terence Zhang,2025-10-03,18:46:51,-07:00,2025-10-03T18:46:51-07:00,2,41
contact\index.html,8,html,7e91df09,Terence Zhang,2025-10-17,23:12:20,-07:00,2025-10-17T23:12:20-07:00,2,48
contact\index.html,9,html,38dd7c38,Terence Zhang,2025-10-03,18:46:51,-07:00,2025-10-03T18:46:51-07:00,0,0
contact\index.html,10,html,38dd7c38,Terence Zhang,2025-10-03,18:46:51,-07:00,2025-10-03T18:46:51-07:00,0,5
contact\index.html,11,html,38dd7c38,Terence Zhang,2025-10-03,18:46:51,-07:00,2025-10-03T18:46:51-07:00,0,4
contact\index.html,12,html,38dd7c38,Terence Zhang,2025-10-03,18:46:51,-07:00,2025-10-03T18:46:51-07:00,2,18
contact\index.html,13,html,7e91df09,Terence Zhang,2025-10-17,23:12:20,-07:00,2025-10-17T23:12:20-07:00,2,80
contact\index.html,14,html,38dd7c38,Terence Zhang,2025-10-03,18:46:51,-07:00,2025-10-03T18:46:51-07:00,4,19
contact\index.html,15,html,38dd7c38,Terence Zhang,2025-10-03,18:46:51,-07:00,2025-10-03T18:46:51-07:00,4,41
contact\index.html,16,html,38dd7c38,Terence Zhang,2025-10-03,18:46:51,-07:00,2025-10-03T18:46:51-07:00,4,21
contact\index.html,17,html,38dd7c38,Terence Zhang,2025-10-03,18:46:51,-07:00,2025-10-03T18:46:51-07:00,4,41
contact\index.html,18,html,38dd7c38,Terence Zhang,2025-10-03,18:46:51,-07:00,2025-10-03T18:46:51-07:00,4,18
contact\index.html,19,html,38dd7c38,Terence Zhang,2025-10-03,18:46:51,-07:00,2025-10-03T18:46:51-07:00,4,59
contact\index.html,20,html,38dd7c38,Terence Zhang,2025-10-03,18:46:51,-07:00,2025-10-03T18:46:51-07:00,4,21
contact\index.html,21,html,38dd7c38,Terence Zhang,2025-10-03,18:46:51,-07:00,2025-10-03T18:46:51-07:00,2,5
contact\index.html,22,html,38dd7c38,Terence Zhang,2025-10-03,18:46:51,-07:00,2025-10-03T18:46:51-07:00,0,5
contact\index.html,23,html,38dd7c38,Terence Zhang,2025-10-03,18:46:51,-07:00,2025-10-03T18:46:51-07:00,0,5
